{
  "modpackMode": false,
  "fullScreen": "FULLSCREEN",
  "fpsDisplayMode": "SIMPLE",
  "fpsDisplayAlign": "LEFT",
  "fpsDisplayVAlign": "TOP",
  "fpsDisplaySystemMode": "OFF",
  "fpsDisplayMargin": 12,
  "fpsDisplayVMargin": 12,
  "fpsDisplayShadow": false,
  "fog": true,
  "blueBand": true,
  "customFog": true,
  "fogStart": 0,
  "fogEnd": 192,
  "fogShape": "CYLINDER",
  "cloudsHeight": 192,
  "disableNameTagRender": false,
  "chunkFadeSpeed": "SLOW",
  "darknessMode": "OFF",
  "darknessOnOverworld": true,
  "darknessOnNether": false,
  "darknessNetherFogBright": 0.5,
  "darknessOnEnd": false,
  "darknessEndFogBright": 0.5,
  "darknessByDefault": false,
  "darknessDimensionWhiteList": [],
  "darknessOnNoSkyLight": false,
  "darknessBlockLightOnly": false,
  "darknessAffectedByMoonPhase": true,
  "darknessNewMoonBright": 0.0,
  "darknessFullMoonBright": 0.25,
  "hideJREMI": false,
  "fontShadows": true,
  "leavesCulling": "OFF",
  "fastChests": false,
  "fastBeds": false,
  "tileEntityDistanceCulling": true,
  "tileEntityCullingDistanceX": 4096,
  "tileEntityCullingDistanceY": 32,
  "entityDistanceCulling": true,
  "entityCullingDistanceX": 4096,
  "entityCullingDistanceY": 32,
  "monsterDistanceCulling": true,
  "monsterCullingDistanceX": 23104,
  "monsterCullingDistanceY": 64,
  "entityWhitelist": [
    "minecraft:ghast",
    "minecraft:ender_dragon",
    "iceandfire:all",
    "create:all"
  ],
  "monsterWhitelist": [
    "minecraft:ghast",
    "minecraft:ender_dragon",
    "iceandfire:all",
    "create:all"
  ],
  "tileEntityWhitelist": [
    "waterframes:all"
  ],
  "borderlessAttachModeF11": "ATTACH",
  "fastLanguageReload": true,
  "enableZoom": true,
  "maxZoom": 50.0,
  "dynLightSpeed": "REALTIME",
  "dynLightsOnEntities": true,
  "dynLightsOnTileEntities": true,
  "dynLightsUpdateOnPositionChange": true
}